,group_id,artist_id
1,101159,738
2,101159,1516
3,101599,861
4,100102,1786
5,100102,270
6,101221,957
7,101221,5551
8,101761,845
9,101761,508
10,101761,263
11,101012,477
12,101012,7969
13,101522,35088
14,101522,5323
15,100148,508
16,100148,1861
17,101078,1541
18,100712,532
19,100712,3741
20,100161,1868
21,100161,1870
22,100161,1869
23,101669,5
24,101669,8311
25,101669,673672
26,101669,673670
27,100149,845
28,100149,628311
29,100149,1837
30,101737,177708
31,100025,2912484
32,101731,5247
33,101731,24555
34,101731,11376
35,101464,858613
36,101464,858615
37,101464,4460
38,101464,716631
39,101781,47233
40,100977,3614
41,100977,5136
42,100950,24555
43,100950,10583
44,100080,1747
45,101016,983
46,101016,6308
47,101016,3788
48,100594,3258
49,100594,673674
50,100594,1037
51,100594,2639196
52,101465,261881
53,101465,981129
54,106610,1716
55,106610,1717
56,106610,1635
57,100169,925
58,100514,687
59,100514,2969
60,100004,1574
61,100004,407064
62,100004,428760
63,101206,5211
64,100179,885
65,100179,1915
66,100005,1576
67,100005,5228
68,100005,1577
69,100026,1628
70,100026,33930
71,100015,25586
72,100015,1603
73,100037,1874
74,100037,638571
75,100037,1873
76,180144,827
77,180144,942
78,101108,6229
79,101108,562
80,101108,8797
81,100141,1844
82,100059,1692
83,100059,548680
84,100059,5199
85,101872,746
86,101872,24044
87,101872,4645
88,101872,6622
89,101872,5881
90,101872,784970
91,100984,476140
92,100984,5993
93,100984,5995
94,100061,1088
95,100061,1136
96,100187,786633
97,100187,2753164
98,100057,1690
99,100057,1691
100,100137,12946
101,100137,1840
102,100003,1571
103,100042,1648
104,100042,1649
105,100008,1586
106,100008,1583
107,100008,1582
108,100008,1585
109,100008,1584
110,446117,845
111,446117,38
112,101576,11245
113,101576,59287
114,100023,1624
115,100023,678811
116,100043,4267
117,100043,402920
118,100043,2640941
119,101561,1866
120,101561,6431
121,101225,166516
122,101225,836
123,2868449,250969
124,2868449,2868451
125,101013,751
126,101013,753
127,101013,722770
128,100052,1682
129,100052,1679
130,100052,1681
131,100052,1680
132,100054,1686
133,100054,859596
134,100167,150039
135,100167,6569
136,100167,1066741
137,100130,1829
138,100130,1828
139,100170,1088
140,100170,925
141,100094,1767
142,100094,646691
143,100094,8874
144,100016,432
145,100016,1605
146,100016,1604
147,100010,1591
148,100010,1588
149,100010,1590
150,100770,874822
151,100770,694391
152,100770,915105
153,100770,2903951
154,100065,1713
155,100065,1714
156,100065,1712
157,100065,1715
158,100168,923
159,100168,1893
160,100168,672283
161,100168,672285
162,100168,745049
163,100035,1641
164,100035,1239188
165,102213,17671
166,100032,1638
167,100032,1636
168,100032,1639
169,100032,1637
170,100126,412380
171,100126,1816
172,100126,1818
173,100126,1817
174,100120,411500
175,100001,1565
176,100001,3893
177,100001,605902
178,100016,432
179,100016,1605
180,100016,1604
181,100001,1565
182,100001,3893
183,100001,605902
184,100059,1692
185,100059,548680
186,100059,5199
187,100094,1767
188,100094,646691
189,100094,8874
190,100008,1586
191,100008,1583
192,100008,1582
193,100008,1585
194,100008,1584
195,100065,1713
196,100065,1714
197,100065,1712
198,100065,1715
199,100052,1682
200,100052,1679
201,100052,1681
202,100052,1680
203,100130,1829
204,100130,1828
205,100120,411500
206,100770,874822
207,100770,694391
208,100770,915105
209,100770,2903951
210,100168,923
211,100168,1893
212,100168,672283
213,100168,672285
214,100168,745049
215,100712,532
216,100712,3741
217,100043,4267
218,100043,402920
219,100043,2640941
220,100055,1688
221,100055,1689
222,100004,1574
223,100004,407064
224,100004,428760
225,100022,5907
226,100022,6914
227,100022,674108
228,100126,412380
229,100126,1816
230,100126,1818
231,100126,1817
232,100007,182430
233,100007,1580
234,100007,225888
235,100007,1115
236,100007,1578
237,100127,3878
238,100127,1820
239,100127,1819
240,106610,1716
241,106610,1717
242,106610,1635
243,100054,1686
244,100054,859596
245,100099,171035
246,100099,1776
247,100057,1690
248,100057,1691
249,101714,845
250,101714,11309
251,100078,1738
252,100078,1739
253,100078,1740
254,100078,1741
255,100078,1742
256,100078,1743
257,100141,1844
258,100136,1838
259,100136,2935902
260,100136,217911
261,100136,1496
262,100035,1641
263,100035,1239188
264,100032,1638
265,100032,1636
266,100032,1639
267,100032,1637
268,100096,2757431
269,100096,2760749
270,100096,1773
271,100096,724944
272,101509,1870
273,101509,198094
274,101509,100054
275,101509,712452
276,101509,775197
277,101509,895741
278,101509,100001
279,100021,5766
280,100075,1654
281,100075,2857420
282,100073,11270
283,100073,685405
284,100073,685407
285,101115,168435
286,101115,228630
287,100093,673582
288,100093,673583
289,100990,106610
290,100990,100028
291,100990,100068
292,100990,1795
293,100990,100779
294,100990,6027
295,100063,2062364
296,100063,5986
297,100063,2856270
298,100010,1591
299,100010,1588
300,100010,1590
301,100332,1088
302,100332,3238
303,100332,1890
304,100332,455960
305,100332,2956
306,100332,1552
307,100183,1928
308,100183,1929
309,160072,108316
310,160072,175404
311,160072,2165
312,160072,247639
313,160072,228069
314,160072,1582
315,160072,108965
316,160072,168015
317,160072,1030
318,160072,198656
319,160072,13599
320,160072,744686
321,160072,428501
322,160072,780066
323,160072,991413
324,160072,960278
325,160072,1066419
326,160072,786029
327,160072,724619
328,160072,1228017
329,160072,663691
330,160072,244871
331,160072,838961
332,160072,248146
333,160072,209427
334,160072,251847
335,160072,626151
336,160072,2296946
337,100749,571
338,100749,1557
339,100023,1624
340,100023,678811
341,100087,785887
342,101495,8601
343,101495,2875623
344,101495,8604
345,101495,2875624
346,100005,1576
347,100005,5228
348,100005,1577
349,100195,1966
350,100195,1967
351,100195,3237
352,101552,500153
353,101552,684665
354,101552,684666
355,101552,495647
356,101552,634292
357,101552,6108
358,101864,845
359,101864,681451
360,100391,4172
361,100391,726774
362,100391,6410
363,100070,1729
364,100070,5599
365,100070,1728
366,100070,262069
367,100070,221072
368,100070,261837
369,100070,1723
370,100185,214784
371,100766,672092
372,100766,4162
373,100766,4163
374,100766,4164
375,100766,674134
376,100742,3959
377,100742,14801
378,100445,160949
379,100737,1103
380,100737,3873
381,101014,6239
382,101014,6241
383,100139,1843
384,100139,215885
385,101448,1585
386,101448,1586
387,101448,1584
388,101159,738
389,101159,1516
390,101223,673097
391,101223,2901294
392,101223,2901296
393,101223,2901297
394,101223,2901299
395,102409,1680
396,102409,1681
397,101758,12872
398,160080,151315
399,160080,4293
400,101491,174619
401,101491,672229
402,101491,8589
403,101491,674132
404,103289,1732
405,103289,410161
406,101472,5486
407,101472,8470
408,101472,2087758
409,101487,261743
410,101487,446668
411,101487,22639
412,101487,253498
413,101111,674599
414,101111,7116
415,101111,27067
416,105623,30349
417,105623,30348
418,105623,21356
419,105623,30350
420,161636,214784
421,161636,1935
422,161636,1934
423,105803,3622
424,105803,10210
425,105803,30655
426,105803,466422
427,105696,46742
428,105696,16812
429,105696,204052
430,105696,18917
431,106718,13459
432,106718,1844
433,106718,6822
434,101094,439041
435,101094,672424
436,101094,672425
437,101094,672427
438,101447,192775
439,101447,478041
440,101843,673696
441,101843,673694
442,101843,15968
443,101843,2961132
444,101339,10451
445,101339,675991
446,101339,675993
447,101339,675994
448,101339,43639
449,107728,3959
450,107728,265067
451,107728,45162
452,107728,280266
453,107744,1741
454,107744,1582
455,107744,1123
456,101463,425681
457,106851,49134
458,106851,613632
459,108363,259768
460,108363,417791
461,108363,205858
462,160091,46187
463,160091,46184
464,160091,46182
465,160091,46183
466,160091,728859
467,103326,26278
468,103326,676011
469,103326,26280
470,103326,151915
471,107725,51146
472,107725,221838
473,107725,583271
474,108358,3264
475,108358,3262
476,55255,47321
477,55255,43806
478,55255,447788
479,108356,231070
480,108356,4325
481,108356,619232
482,160801,262069
483,160801,5599
484,160801,1728
485,160801,1680
486,160801,1681
487,100908,174121
488,100908,3125549
489,100908,30456
490,100908,53039
491,100908,28840
492,108417,29683
493,108417,53546
494,108417,53549
495,108417,53557
496,108988,1628897
497,108988,896203
498,164914,723197
499,164914,602117
500,100144,428828
501,100144,654593
502,101224,184927
503,101224,685196
504,100686,3535
505,100686,3536
506,100686,3537
507,101886,669933
508,101886,669954
509,103491,22964
510,165235,723487
511,101099,439040
512,101099,686776
513,107224,39667
514,107224,39670
515,105789,600892
516,105789,667560
517,100260,674880
518,100260,674883
519,100260,35807
520,100260,35808
521,170042,21336
522,170042,672738
523,170042,672741
524,170541,253518
525,170541,759
526,170541,5362
527,170541,421340
528,170541,438780
529,108240,51931
530,108240,674116
531,108240,1909250
532,108240,2644459
533,100366,2616
534,100366,30439
535,100366,2615
536,100366,2617
537,100366,2402588
538,106928,11245
539,106928,5601
540,172193,611515
541,172193,2295245
542,173323,302367
543,173323,2086731
544,173323,101068
545,101218,6027
546,101218,9203
547,174997,672271
548,174997,672273
549,174997,992311
550,175203,226510
551,175203,226509
552,175203,231271
553,100377,2653
554,100377,2654
555,100377,2652
556,100377,2651
557,108794,57528
558,108794,225993
559,108794,231826
560,177519,108363
561,177519,1692
562,177519,108581
563,178364,990560
564,178364,785938
565,181679,46751
566,181694,230519
567,181694,261744
568,181694,6272
569,181694,428821
570,181678,36318
571,181678,716865
572,102055,14127
573,102055,675915
574,102055,675917
575,102055,25505
576,102055,2622503
577,185615,1582
578,185615,30459
579,101143,2925
580,101143,673854
581,101143,59305
582,186309,495084
583,186309,227228
584,186309,723006
585,186309,2085014
586,193606,1635
587,100135,1835
588,100135,261881
589,102309,639014
590,100101,537381
591,107353,543912
592,194407,3982
593,194407,17
594,194407,49764
595,197806,1565
596,197806,660312
597,204633,611642
598,204069,254105
599,204069,280166
600,209787,9842
601,209787,39333
602,209787,229115
603,209787,4263
604,209787,35007
605,209787,560207
606,204626,790800
607,204626,413280
608,209785,435320
609,209785,682171
610,209785,682172
611,209785,682173
612,209785,682174
613,217764,673291
614,217764,602471
615,217764,22938
616,217764,673292
617,216382,241226
618,219643,680871
619,219643,13247
620,219643,680891
621,219643,680912
622,219643,680914
623,219643,680931
624,81449,59112
625,219893,485162
626,219893,602271
627,221726,1874
628,221726,4267
629,221726,261780
630,101879,12950
631,101879,12952
632,101879,12949
633,101879,694991
634,101879,695012
635,101879,12951
636,222128,204065
637,222128,407540
638,222128,556401
639,222128,778238
640,222128,408880
641,222128,512342
642,226490,42554
643,226490,672431
644,226490,672433
645,100176,1760226
646,100176,2297933
647,100176,2640194
648,107721,14417
649,107721,45097
650,107721,45096
651,107721,45098
652,107721,674829
653,107721,691671
654,107721,697311
655,169635,673016
656,169635,727027
657,169635,609509
658,169635,673022
659,227378,1424
660,227378,8545
661,227378,5486
662,227378,4353
663,227655,673717
664,227655,673720
665,227655,673721
666,227655,673722
667,182536,184730
668,228841,268669
669,228841,429480
670,228841,352150
671,194009,675097
672,194009,675099
673,194009,784518
674,194009,675100
675,229544,512343
676,229544,612623
677,229544,672343
678,229544,672344
679,229544,672345
680,229544,672347
681,229494,620351
682,229494,672400
683,231069,2165
684,231069,231070
685,231069,52607
686,231069,23184
687,231538,404980
688,231538,679132
689,231538,679131
690,229242,414943
691,229242,415520
692,401590,3061
693,401590,661051
694,236815,261742
695,236815,259769
696,239366,613152
697,239366,612415
698,237661,418380
699,253866,434621
700,253866,443620
701,253866,474423
702,253866,557582
703,259822,521583
704,259822,514740
705,259822,514760
706,259822,602193
707,259822,672988
708,259822,570851
709,190493,673238
710,190493,673239
711,221837,222176
712,221837,24555
713,221837,5821
714,221837,41268
715,275266,230199
716,275266,712374
717,276866,5822
718,276866,1559
719,276866,46738
720,227372,6147
721,227372,11723
722,227372,2190797
723,322666,433760
724,322666,453920
725,322666,539120
726,322666,672334
727,322666,672337
728,322666,672339
729,322666,675611
730,315175,15445
731,316967,786600
732,316967,687248
733,316967,672987
734,320167,958740
735,330772,253498
736,330772,22639
737,259928,645315
738,259928,669853
739,259928,669871
740,259928,669893
741,259928,669912
742,259928,897135
743,402527,403700
744,402527,478668
745,402527,687896
746,107719,673932
747,107719,673936
748,406712,165537
749,406712,439341
750,406712,441844
751,243727,3110531
752,243727,3110535
753,243727,3110537
754,243727,762596
755,243727,3110539
756,412000,473462
757,412000,473980
758,412000,449580
759,412000,672798
760,417985,449401
761,417985,454903
762,417985,520282
763,417985,672411
764,417985,672415
765,242339,221838
766,242339,687450
767,242339,687451
768,421624,4263
769,421624,428829
770,421620,9842
771,421620,1630
772,421620,1654
773,421622,39333
774,421622,108356
775,421625,229115
776,421625,437
777,421625,322666
778,421621,1740
779,421621,3895
780,421626,410161
781,421626,100168
782,421627,228767
783,421627,100829
784,419360,666121
785,242066,6822
786,242066,1844
787,410162,651631
788,425521,445180
789,425521,6243
790,435121,446200
791,435121,672325
792,435121,672327
793,435121,672329
794,436980,468640
795,436980,56307
796,436980,612449
797,439021,524801
798,439021,673014
799,440320,471743
800,440320,471744
801,440320,672890
802,440320,672893
803,440320,672894
804,440320,672895
805,440320,672897
806,444564,993870
807,342866,530701
808,342866,3285
809,450801,20908
810,450801,32850
811,450801,261134
812,449941,560207
813,449941,672786
814,449941,672788
815,449941,672790
816,449941,672792
817,449941,672793
818,449941,672795
819,449941,672796
820,449941,672797
821,443444,673577
822,443444,673578
823,458940,17
824,458940,1829
825,458940,1843
826,458940,1087
827,459644,672439
828,459644,672440
829,459644,672441
830,459644,672442
831,459644,672444
832,101871,8933
833,101871,12835
834,468362,56821
835,468362,509720
836,467060,207390
837,467060,608252
838,470661,198032
839,473181,573812
840,473181,490981
841,473181,668651
842,473181,668711
843,477632,539120
844,477632,672334
845,477632,672337
846,481481,514741
847,481481,36366
848,481481,672319
849,481481,672323
850,485823,4263
851,476181,672262
852,476181,643831
853,476181,622291
854,476181,672263
855,476181,672265
856,476181,672266
857,482103,612000
858,482103,623851
859,778464,443620
860,778464,429480
861,492882,3258
862,465680,723569
863,465680,673737
864,465680,673733
865,465680,830459
866,465680,830460
867,483581,672542
868,483581,672543
869,483581,672549
870,483581,672547
871,483581,672544
872,475721,418361
873,475721,602180
874,475721,59905
875,13149,672925
876,13149,672924
877,13149,679611
878,13149,679631
879,13149,679651
880,13149,679671
881,13149,679691
882,13149,672927
883,13149,672928
884,13149,664871
885,499453,52614
886,499453,52611
887,499453,52607
888,193767,695196
889,193767,695197
890,193767,695201
891,482762,516080
892,482762,488423
893,482762,669851
894,482762,669852
895,512321,6984
896,512321,152192
897,14252,1130
898,14252,217764
899,14252,259822
900,14252,481481
901,14252,905701
902,14252,751059
903,254581,205880
904,254581,672297
905,254581,544520
906,514619,548641
907,514619,548660
908,514619,672383
909,514619,711336
910,520160,672924
911,520160,672925
912,520160,672928
913,520160,672903
914,520160,714995
915,520160,711181
916,494501,510563
917,494501,660272
918,494501,831584
919,494501,861096
920,494501,672683
921,494501,651031
922,494501,672663
923,433162,23259
924,433162,402901
925,433162,402903
926,529805,1682
927,529805,14490
928,529805,228077
929,531700,946038
930,531700,946040
931,531700,946041
932,531700,946043
933,451061,682051
934,451061,682053
935,451061,682054
936,451061,682055
937,451061,682056
938,537569,668711
939,537569,573812
940,534360,644871
941,534360,663373
942,534360,670711
943,534360,670717
944,534360,670718
945,182366,163055
946,182366,237552
947,261662,611343
948,261662,1920
949,261662,611007
950,261662,673093
951,261662,673095
952,261662,720178
953,544960,3622
954,544960,30655
955,541500,669632
956,541500,672771
957,541500,672773
958,541500,672777
959,541500,672779
960,541500,672780
961,466821,1023925
962,550442,4263
963,550442,6984
964,550445,9842
965,550445,1088
966,550441,410161
967,550441,1605
968,550440,39333
969,550440,1965
970,550446,228767
971,550446,3865
972,550444,229115
973,550444,175203
974,550443,35007
975,550443,468244
976,552082,160139
977,552082,216186
978,554180,520900
979,554180,453920
980,554180,433760
981,554180,672334
982,515283,733904
983,515283,733905
984,515283,733906
985,569215,643851
986,569215,672234
987,569214,672231
988,569214,672230
989,569214,860963
990,569233,648551
991,569233,668731
992,569233,668752
993,31741,672861
994,31741,672862
995,31741,672865
996,31741,672867
997,31741,672869
998,581202,499462
999,581202,341370
1000,581202,151636
1001,591031,449401
1002,591031,458401
1003,614911,471744
1004,614911,672895
1005,614911,672893
1006,615471,669973
1007,615471,669975
1008,615471,669977
1009,615471,669991
1010,615471,669992
1011,532201,602056
1012,532201,650832
1013,532201,670591
1014,532201,670611
1015,532201,670631
1016,532201,670633
1017,532201,670651
1018,623451,559579
1019,623451,588495
1020,623451,670772
1021,623451,670792
1022,623451,670811
1023,623451,670813
1024,630454,593194
1025,630454,673738
1026,630454,688631
1027,630454,247582
1028,630454,673743
1029,643551,673003
1030,643551,673004
1031,535440,645713
1032,535440,672392
1033,535440,672389
1034,192827,780348
1035,192827,2744748
1036,651331,646174
1037,651331,646431
1038,651331,646172
1039,625511,672853
1040,625511,710009
1041,625511,672855
1042,625511,672857
1043,625511,672858
1044,625511,672859
1045,420527,641331
1046,420527,644152
1047,420527,644151
1048,668491,672256
1049,668491,672258
1050,668491,672102
1051,668491,672261
1052,668491,788127
1053,668491,788131
1054,673585,39333
1055,673585,7567
1056,672041,644331
1057,672041,640634
1058,311166,612072
1059,311166,615271
1060,311166,673917
1061,311166,47729
1062,649953,510886
1063,649953,523906
1064,649953,590953
1065,649953,686384
1066,686679,695328
1067,686679,695331
1068,686679,695332
1069,686679,695333
1070,686679,695335
1071,727100,543912
1072,727100,35007
1073,685624,686089
1074,685624,686120
1075,685624,686121
1076,685624,686122
1077,685624,686123
1078,685624,686124
1079,495401,259771
1080,495401,428710
1081,683453,687432
1082,683453,687434
1083,683453,687437
1084,525805,623251
1085,525805,657072
1086,588431,231569
1087,588431,497320
1088,588431,602174
1089,698291,646172
1090,698291,698776
1091,532321,1285401
1092,532321,1285403
1093,532321,1285405
1094,532321,913930
1095,532321,913927
1096,532321,913932
1097,532321,673277
1098,699642,699648
1099,699642,699644
1100,699642,699645
1101,710965,711174
1102,710965,314467
1103,710965,711181
1104,454254,675107
1105,454254,59661
1106,454254,673592
1107,454254,675111
1108,672560,673446
1109,672560,673447
1110,672560,673448
1111,672560,673449
1112,672560,673451
1113,640891,672800
1114,640891,672807
1115,640891,672808
1116,640891,672809
1117,640891,672810
1118,715422,672264
1119,715422,622291
1120,714785,679691
1121,714785,664871
1122,714785,679631
1123,714785,715973
1124,714785,715974
1125,714785,715977
1126,714785,868886
1127,715898,520282
1128,715898,454903
1129,685319,685508
1130,685319,685510
1131,685319,685511
1132,685319,685513
1133,716279,1630
1134,716279,1654
1135,716279,27644
1136,718807,661792
1137,718807,719055
1138,718807,719057
1139,229114,49098
1140,229114,27681
1141,229114,228134
1142,229114,662211
1143,647971,672287
1144,647971,30599
1145,647971,672288
1146,647971,672289
1147,647971,672293
1148,647971,672296
1149,721792,473462
1150,721792,473980
1151,721792,449580
1152,721792,683591
1153,685904,685914
1154,685904,685916
1155,685904,685915
1156,685904,685917
1157,685904,685918
1158,686920,686993
1159,686920,686996
1160,686920,686998
1161,730272,3487
1162,730272,11376
1163,730272,58459
1164,730272,789626
1165,693951,758847
1166,693951,758848
1167,693951,758850
1168,693951,786647
1169,578231,674873
1170,578231,602208
1171,578231,674877
1172,578231,674875
1173,578231,674876
1174,743563,39333
1175,743563,6984
1176,743565,4263
1177,743565,35682
1178,743564,9842
1179,743564,7523
1180,743566,228767
1181,743566,578231
1182,743562,229115
1183,743562,8933
1184,743567,35007
1185,743567,261662
1186,742726,28263
1187,742726,646178
1188,742726,742773
1189,742726,742770
1190,742726,742760
1191,742726,742759
1192,742726,742767
1193,742726,742763
1194,742726,742768
1195,742726,742771
1196,742726,777287
1197,744134,6272
1198,744134,261744
1199,750053,756530
1200,750053,756529
1201,750053,756533
1202,750053,756531
1203,750398,471743
1204,750398,471744
1205,750398,672895
1206,750398,672890
1207,760193,672263
1208,760193,614026
1209,467880,642013
1210,467880,642031
1211,467880,642051
1212,559971,672870
1213,559971,672871
1214,559971,672872
1215,559971,672873
1216,559971,1813707
1217,767374,769504
1218,767374,769505
1219,767374,769508
1220,767374,769507
1221,500421,500423
1222,500421,749324
1223,243157,732931
1224,243157,527002
1225,524121,674489
1226,524121,674557
1227,524121,674560
1228,556100,27744
1229,556100,314367
1230,556100,532029
1231,789978,646171
1232,789978,712454
1233,790881,6984
1234,790881,247621
1235,773241,684113
1236,773241,684111
1237,773241,2190053
1238,791573,860221
1239,791573,860220
1240,791573,860218
1241,791573,860217
1242,828478,858235
1243,828478,858236
1244,828478,858237
1245,828478,858238
1246,828478,858239
1247,828478,858240
1248,789331,722093
1249,789331,586498
1250,789331,744170
1251,789331,789499
1252,789331,789501
1253,789331,789503
1254,789331,789504
1255,789331,789505
1256,858846,670591
1257,858846,670633
1258,858846,670651
1259,672375,725991
1260,672375,725988
1261,672375,725986
1262,672375,725984
1263,672375,725985
1264,672375,725989
1265,672375,725987
1266,785589,757777
1267,785589,785640
1268,785589,785645
1269,785589,785646
1270,889388,4263
1271,889388,261143
1272,889387,560207
1273,889387,247621
1274,889387,6984
1275,889389,35007
1276,889389,537920
1277,889392,39333
1278,889392,785589
1279,889391,9842
1280,889391,1130
1281,889390,229115
1282,889390,38
1283,791216,837027
1284,791216,859389
1285,791216,828700
1286,791216,837993
1287,791216,859391
1288,791216,837032
1289,925018,925021
1290,925018,925022
1291,945262,591712
1292,945262,741567
1293,945262,945665
1294,945262,945666
1295,945586,686996
1296,945586,686998
1297,956983,247582
1298,956983,673743
1299,960251,896291
1300,960251,968260
1301,960251,968261
1302,960251,968264
1303,960251,968265
1304,960251,968266
1305,960251,968267
1306,960251,968270
1307,960251,968272
1308,960251,968274
1309,960251,968276
1310,861436,868678
1311,861436,874338
1312,861436,874339
1313,861436,874340
1314,861436,868682
1315,861436,868680
1316,861436,874344
1317,861436,868681
1318,861436,874346
1319,861436,874347
1320,861436,868679
1321,861436,868683
1322,861436,868677
1323,995169,995174
1324,995169,995173
1325,995169,995171
1326,995169,995172
1327,857994,857996
1328,857994,857998
1329,857994,858000
1330,857994,858001
1331,857994,858003
1332,857994,858004
1333,1166886,742773
1334,1166886,742763
1335,1285544,560207
1336,1285544,3264
1337,1285543,35007
1338,1285543,742773
1339,1285547,1166964
1340,1285547,739740
1341,1285545,9842
1342,1285545,314367
1343,1285548,229115
1344,1285548,602056
1345,1285546,4263
1346,1285546,735541
1347,724318,838722
1348,724318,838724
1349,1624993,418201
1350,1624993,510565
1351,1624993,458181
1352,1624993,512480
1353,829211,829289
1354,829211,713986
1355,829211,2019061
1356,958953,990452
1357,958953,990453
1358,958953,990454
1359,958953,990455
1360,958953,990456
1361,958953,990457
1362,958953,968274
1363,958953,990458
1364,958953,968267
1365,958953,990459
1366,1865973,1865969
1367,1865973,1865964
1368,1865973,1865373
1369,1865973,945663
1370,1865973,1865967
1371,1865973,1865375
1372,1865973,1865966
1373,1865973,1865968
1374,1865973,672809
1375,1865973,1865965
1376,1865973,875152
1377,1816966,672800
1378,1816966,672807
1379,1816966,672808
1380,1816966,672810
1381,839732,839735
1382,839732,839736
1383,943959,946814
1384,943959,923695
1385,943959,946816
1386,943959,946817
1387,943959,946818
1388,943959,946819
1389,943959,946820
1390,943959,946821
1391,943959,946822
1392,943959,946823
1393,943959,946824
1394,943959,946825
1395,943959,968276
1396,1221596,1229546
1397,1221596,1229547
1398,1221596,1229548
1399,1221596,1229549
1400,1221596,1229550
1401,1221596,1229551
1402,635412,2191319
1403,635412,1957267
1404,635412,1957264
1405,635412,2401068
1406,2137482,1050107
1407,2137482,2138414
1408,2137482,2138416
1409,2137482,2138418
1410,2137482,2138419
1411,1201990,991777
1412,1201990,991770
1413,1201990,991779
1414,1201990,991771
1415,1201990,991772
1416,1201990,991773
1417,1201990,991775
1418,1201990,991778
1419,1201990,991774
1420,858851,776579
1421,858851,946280
1422,2189926,945663
1423,2189926,1865969
1424,2189926,1865375
1425,2189928,1865967
1426,2189928,1865373
1427,2189927,1865968
1428,2189927,875152
1429,2189927,672809
1430,2189929,1865964
1431,2189929,1865965
1432,2189929,1865966
1433,1182662,672287
1434,1182662,672288
1435,1182662,672289
1436,1182662,672296
1437,2398653,2399717
1438,2398653,2399720
1439,2398653,2399719
1440,2398653,2399724
1441,2398653,2399726
1442,2398653,2399721
1443,2398653,2399727
1444,2398653,2399728
1445,2398653,2399723
1446,2398653,2399729
1447,2398653,2399730
1448,2398653,2399731
1449,103964,27252
1450,103964,3356
1451,103964,28006
1452,103964,48969
1453,2622030,2622592
1454,2622030,2622593
1455,2622030,2622594
1456,2622030,2622595
1457,2622030,2622596
1458,861430,860259
1459,861430,1866274
1460,861430,1866275
1461,861430,1866276
1462,861430,1704778
1463,772253,772255
1464,772253,772258
1465,772253,861835
1466,2633192,2297933
1467,2633192,1760226
1468,2743578,1229244
1469,2743578,913165
1470,2743578,2086047
1471,2743578,2743582
1472,2743578,2743583
1473,2743578,2743584
1474,2743578,2743585
1475,2743578,2743586
1476,2743578,2743588
1477,2743578,2743589
1478,2743578,2743590
1479,1705084,2877702
1480,1705084,2877704
1481,1705084,2877705
1482,882818,980812
1483,882818,882816
1484,882818,882812
1485,882818,882813
1486,882818,1239284
1487,882818,882815
1488,894864,895386
1489,894864,895389
1490,894864,895390
1491,894864,895391
1492,2869463,253606
1493,2869463,747523
1494,2869463,26823
1495,2869463,2086543
1496,2869463,683172
1497,2879819,2883726
1498,2879819,2881111
1499,2879819,2883728
1500,2878372,780918
1501,2878372,780920
1502,2895619,2895620
1503,2895619,2895621
1504,2895619,2895623
1505,2895619,2895624
1506,2136895,2136898
1507,2136895,2136901
1508,2136895,2136902
1509,2863470,2917776
1510,2899555,2899557
1511,2899555,2899559
1512,2899555,2899560
1513,2899555,2899561
1514,2754623,2754650
1515,2754623,2753718
1516,2754623,2754651
1517,2899290,2901546
1518,2899290,2901547
1519,2899290,2901549
1520,2899290,2901551
1521,2899290,2901553
1522,2899290,2901555
1523,783462,784315
1524,783462,784317
1525,783462,784318
1526,783462,784320
1527,2939206,2939207
1528,2939206,2939211
1529,2939206,2939213
1530,2939206,2939215
1531,2939206,2939208
1532,2939206,1760325
1533,2939206,738480
1534,2939206,1702472
1535,2939210,2939211
1536,2939210,2939215
1537,2939210,2939208
1538,2939210,1760325
1539,2939212,2939207
1540,2939212,2939213
1541,2939212,738480
1542,2939212,1702472
1543,3055146,2399726
1544,3055146,3055166
1545,3055146,3055169
1546,3055146,2399717
1547,3055146,3055170
1548,3055146,3055172
1549,3063272,2165
1550,3063272,236797
1551,3063272,435380
1552,3063272,780920
1553,3063272,780915
1554,3063272,2899557
1555,3063272,2899560
1556,3060223,9842
1557,3060223,35007
1558,3060223,789503
1559,2019210,2019215
1560,2019210,2019216
1561,2019210,23138
1562,2019210,2019217
1563,2019210,2019218
1564,2019210,2019219
1565,2019210,2019220
1566,2019210,2019221
1567,3058246,868646
1568,3058246,3058257
1569,3058246,3058263
1570,3058246,3058265
1571,3058246,3058266
1572,3058246,3058267
1573,3058246,3058274
1574,3058246,3058275
1575,3058246,2738932
1576,3070786,829811
1577,3070786,3070788
1578,3070786,3070789
1579,3070786,3070792
1580,3070786,3070793
1581,3070786,3070794
1582,3092950,2399729
1583,3092950,2399720
1584,3092950,3093330
1585,3092950,3093335
1586,3092950,3093339
1587,3110856,46751
1588,3110856,784317
1589,3110856,1229685
1590,3110856,3101554
1591,3110857,242868
1592,3110857,2006587
1593,3110857,3101553
1594,3110857,760046
1595,3110858,1639
1596,3110858,620351
1597,3110858,652531
1598,3110858,641331
1599,3114174,3116664
1600,3114174,3116665
1601,3114174,3116666
1602,3114174,3116671
1603,3114174,3116674
1604,231983,618374
1605,231983,697013
1606,231983,697017
1607,231983,697020
1608,231983,697024
1609,3101552,1639
1610,3101552,242868
1611,3101552,46751
1612,3101552,620351
1613,3101552,652531
1614,3101552,641331
1615,3101552,2006587
1616,3101552,784317
1617,3101552,3101553
1618,3101552,760046
1619,3101552,1229685
1620,3101552,3101554
1621,2112233,874344
1622,2112233,874347
1623,2112233,868682
1624,2632253,2633358
1625,2632253,2633359
1626,2632253,2633360
1627,2632253,2633361
1628,2632253,2633362
1629,104369,52282
1630,104369,52290
1631,104369,52291
1632,104369,29719
1633,2736779,2112526
1634,2736779,967268
1635,2736779,2643836
1636,2736779,2642065
1637,100757,4059
1638,100757,4060
1639,100757,261071
1640,106248,13136
1641,106248,45886
1642,100909,20236
1643,100909,27281
1644,100909,48278
1645,100909,28330
1646,404720,47538
1647,404720,675032
1648,404720,676911
1649,493280,606302
1650,493280,673646
1651,493280,673649
1652,493280,636852
